<?xml version="1.0" standalone="yes"?>
<configuration>
  <SectionA>
    <add key="Attribute_SectionA_key_1" value="SectionA_Value_1"></add>
    <add key="Attribute_SectionA_key_2" value="SectionA_Value_2"></add>
    <add key="Attribute_SectionA_key_3" value="SectionA_Value_3"></add>
    <add key="Attribute_SectionA_key_4" value="SectionA_Value_4"></add>
  </SectionA>
  <SectionB>
    <add key="Attribute_SectionB_key_1" value="SectionB_Value_1"></add>
    <add key="Attribute_SectionB_key_2" value="SectionB_Value_2"></add>
    <add key="Attribute_SectionB_key_3" value="SectionB_Value_3"></add>
    <add key="Attribute_SectionB_key_4" value="SectionB_Value_4"></add>
  </SectionB>
</configuration>

