﻿<?xml version="1.0" encoding="utf-8" ?>
<!-- Type: You can create a set of Tips that are filtered by type -->
<!-- FileName: You can either just specify a file name, or a full path and file name, or any of the PDSA Special folders -->
<!-- FileNameUri: The location where you will find the original version of this file -->
<Tips>
  <Tip>
    <Type></Type>
    <FileName>Tip1.html</FileName>
    <IsActive>true</IsActive>
  </Tip>
  <Tip>
    <Type></Type>
    <FileName>Tip2.html</FileName>
    <IsActive>true</IsActive>
  </Tip>
  <Tip>
    <Type></Type>
    <FileName>Tip3.html</FileName>
    <IsActive>true</IsActive>
  </Tip>
  <Tip>
    <Type></Type>
    <FileName>Tip4.html</FileName>
    <IsActive>true</IsActive>
  </Tip>
  <Tip>
    <Type></Type>
    <FileName>DoesNotExist.html</FileName>
    <IsActive>true</IsActive>
  </Tip>
</Tips>