﻿<?xml version="1.0" encoding="utf-8" ?>
<!-- Type: You can create a set of Tips that are filtered by type -->
<!-- FileName: You can specify an http:// address, just a file name, a full path and file name, or any of the PDSA Special folders in the file name -->
<Tips>
  <Tip>
    <Type></Type>
    <FileName>Footer.html</FileName>
    <IsActive>false</IsActive>
  </Tip>
  <Tip>
    <Type></Type>
    <FileName>Header.html</FileName>
    <IsActive>false</IsActive>
  </Tip>
  <Tip>
    <Type></Type>
    <FileName>PDSABlog.html</FileName>
    <IsActive>true</IsActive>
  </Tip>
  <Tip>
    <Type></Type>
    <FileName>PDSADevSpecialReports.html</FileName>
    <IsActive>true</IsActive>
  </Tip>
  <Tip>
    <Type></Type>
    <FileName>PDSADevUtilities.html</FileName>
    <IsActive>true</IsActive>
  </Tip>
  <Tip>
    <Type></Type>
    <FileName>PDSAFramework.html</FileName>
    <IsActive>true</IsActive>
  </Tip>
  <Tip>
    <Type></Type>
    <FileName>PDSAHaystack.html</FileName>
    <IsActive>true</IsActive>
  </Tip>
  <Tip>
    <Type></Type>
    <FileName>PDSAInc.html</FileName>
    <IsActive>true</IsActive>
  </Tip>
  <Tip>
    <Type></Type>
    <FileName>pdsalogosmall.png</FileName>
    <IsActive>false</IsActive>
  </Tip>
  <Tip>
    <Type></Type>
    <FileName>PDSAServices.html</FileName>
    <IsActive>true</IsActive>
  </Tip>
  <Tip>
    <Type></Type>
    <FileName>PDSATraining.html</FileName>
    <IsActive>true</IsActive>
  </Tip>
  <Tip>
    <Type></Type>
    <FileName>PDSAVideos.html</FileName>
    <IsActive>true</IsActive>
  </Tip>
  <Tip>
    <Type></Type>
    <FileName>Tips.css</FileName>
    <IsActive>false</IsActive>
  </Tip>
</Tips>