<?xml version="1.0"?>
<doc>
    <assembly>
        <name>PDSA.WPF</name>
    </assembly>
    <members>
        <member name="T:PDSA.WPF.PDSAViewModelReadOnlyBase">
            <summary>
            Use this class as the base for all your WPF View Models
            </summary>
        </member>
        <member name="M:PDSA.WPF.PDSAViewModelReadOnlyBase.#ctor">
            <summary>
            Constructor for PDSAViewModelReadOnlyBase
            </summary>
        </member>
        <member name="P:PDSA.WPF.PDSAViewModelReadOnlyBase.IsInDesignMode">
            <summary>
            Returns a true if the WPF object is in design mode, or in runtime mode.
            </summary>
            <returns>Boolean</returns>
        </member>
        <member name="T:PDSA.WPF.PDSAViewModelBase">
            <summary>
            Use this class as the base for all your Data Entry WPF View Models
            </summary>
        </member>
        <member name="M:PDSA.WPF.PDSAViewModelBase.#ctor">
            <summary>
            Constructor for PDSAViewModelBase
            </summary>
        </member>
        <member name="M:PDSA.WPF.PDSAViewModelBase.DataSave">
            <summary>
            Saves (Insert/Update) based on the UI State
            If any validation exceptions occur, you can bind to the (string)ValidationRuleMessages or (PDSAValidationRules)ValidationRuleFailures properties
            If any other exceptions occur, you can bind to the (string)LastExceptionMessage or (Exception)LastException properties
            </summary>
            <returns>True if the data was saved</returns>
        </member>
        <member name="T:PDSA.WPF.PDSANotBooleanToVisibilityHiddenConverter">
            <summary>
            Call this converter to change a True value to Hidden and a False value to Visible
            </summary>
        </member>
        <member name="M:PDSA.WPF.PDSANotBooleanToVisibilityHiddenConverter.#ctor">
            <summary>
            Constructor for PDSANotBooleanToVisibilityHiddenConverter Class
            </summary>
        </member>
        <member name="M:PDSA.WPF.PDSANotBooleanToVisibilityHiddenConverter.Convert(System.Object,System.Type,System.Object,System.Globalization.CultureInfo)">
            <summary>
            Convert a True/False value to Visibility.Hidden/Visibility.Visible value
            </summary>
            <param name="value">A boolean value</param>
            <param name="targetType">The type of object</param>
            <param name="parameter">Any parameters passed via XAML</param>
            <param name="culture">The current culture</param>
            <returns>A Visibility Enumeration</returns>
        </member>
        <member name="M:PDSA.WPF.PDSANotBooleanToVisibilityHiddenConverter.ConvertBack(System.Object,System.Type,System.Object,System.Globalization.CultureInfo)">
            <summary>
            NOT IMPLEMENTED
            </summary>
            <param name="value">A boolean value</param>
            <param name="targetType">The type of object</param>
            <param name="parameter">Any parameters passed via XAML</param>
            <param name="culture">The current culture</param>
            <returns>NOT IMPLEMENTED</returns>
        </member>
        <member name="T:PDSA.WPF.PDSABooleanToVisibilityHiddenConverter">
            <summary>
            Call this converter to change a True value to Visible and a False value to Hidden
            </summary>
        </member>
        <member name="M:PDSA.WPF.PDSABooleanToVisibilityHiddenConverter.#ctor">
            <summary>
            Constructor for PDSABooleanToVisibilityHiddenConverter Class
            </summary>
        </member>
        <member name="M:PDSA.WPF.PDSABooleanToVisibilityHiddenConverter.Convert(System.Object,System.Type,System.Object,System.Globalization.CultureInfo)">
            <summary>
            Convert a True/False value to Visibility.Visible/Visibility.Hidden value
            </summary>
            <param name="value">A boolean value</param>
            <param name="targetType">The type of object</param>
            <param name="parameter">Any parameters passed via XAML</param>
            <param name="culture">The current culture</param>
            <returns>A Visibility Enumeration</returns>
        </member>
        <member name="M:PDSA.WPF.PDSABooleanToVisibilityHiddenConverter.ConvertBack(System.Object,System.Type,System.Object,System.Globalization.CultureInfo)">
            <summary>
            NOT IMPLEMENTED
            </summary>
            <param name="value">A boolean value</param>
            <param name="targetType">The type of object</param>
            <param name="parameter">Any parameters passed via XAML</param>
            <param name="culture">The current culture</param>
            <returns>NOT IMPLEMENTED</returns>
        </member>
        <member name="T:PDSA.WPF.PDSABooleanToVisibilityConverter">
            <summary>
            Call this converter to change a True value to Visible and a False value to Collapsed
            </summary>
        </member>
        <member name="M:PDSA.WPF.PDSABooleanToVisibilityConverter.#ctor">
            <summary>
            Constructor for PDSABooleanToVisibilityConverter Class
            </summary>
        </member>
        <member name="M:PDSA.WPF.PDSABooleanToVisibilityConverter.Convert(System.Object,System.Type,System.Object,System.Globalization.CultureInfo)">
            <summary>
            Convert a True/False value to Visibility.Visible/Visibility.Collapsed value
            </summary>
            <param name="value">A boolean value</param>
            <param name="targetType">The type of object</param>
            <param name="parameter">Any parameters passed via XAML</param>
            <param name="culture">The current culture</param>
            <returns>A Visibility Enumeration</returns>
        </member>
        <member name="M:PDSA.WPF.PDSABooleanToVisibilityConverter.ConvertBack(System.Object,System.Type,System.Object,System.Globalization.CultureInfo)">
            <summary>
            NOT IMPLEMENTED
            </summary>
            <param name="value">A boolean value</param>
            <param name="targetType">The type of object</param>
            <param name="parameter">Any parameters passed via XAML</param>
            <param name="culture">The current culture</param>
            <returns>NOT IMPLEMENTED</returns>
        </member>
        <member name="T:PDSA.WPF.PDSANotBooleanConverter">
            <summary>
            Call this converter to change a True value to a False and False to a True
            </summary>
            <example>
            Assume you have a CheckBox called 'chkBox' and you want to disable a GroupBox when the the CheckBox is checked and enable it when the CheckBox is unchecked.
            You would setup a binding similar to the following using this converter.
            <GroupBox IsEnabled="{Binding ElementName=chkBox, Path=IsChecked, Converter={StaticResource convertBool}}" />
            </example>
        </member>
        <member name="M:PDSA.WPF.PDSANotBooleanConverter.#ctor">
            <summary>
            Constructor for PDSANotBooleanConverter Class
            </summary>
        </member>
        <member name="M:PDSA.WPF.PDSANotBooleanConverter.Convert(System.Object,System.Type,System.Object,System.Globalization.CultureInfo)">
            <summary>
            Call this converter to change a True value to a False and False to a True
            </summary>
            <param name="value">The value to convert</param>
            <param name="targetType">Target data type</param>
            <param name="parameter">Any optional parameters</param>
            <param name="culture">Current culture</param>
            <returns>A Boolean</returns>
        </member>
        <member name="M:PDSA.WPF.PDSANotBooleanConverter.ConvertBack(System.Object,System.Type,System.Object,System.Globalization.CultureInfo)">
            <summary>
            NOT IMPLEMENTED
            </summary>
            <param name="value">The value to convert back</param>
            <param name="targetType">Target Type</param>
            <param name="parameter">Any optional parameters</param>
            <param name="culture">Current culture</param>
            <returns>NotImplementedException</returns>
        </member>
        <member name="T:PDSA.WPF.PDSANotBooleanToVisibilityConverter">
            <summary>
            Call this converter to change a True value to Collapsed and a False value to Visible
            </summary>
        </member>
        <member name="M:PDSA.WPF.PDSANotBooleanToVisibilityConverter.#ctor">
            <summary>
            Constructor for PDSANotBooleanToVisibilityConverter Class
            </summary>
        </member>
        <member name="M:PDSA.WPF.PDSANotBooleanToVisibilityConverter.Convert(System.Object,System.Type,System.Object,System.Globalization.CultureInfo)">
            <summary>
            Convert a True/False value to Visibility.Collapsed/Visibility.Visible value
            </summary>
            <param name="value">A boolean value</param>
            <param name="targetType">The type of object</param>
            <param name="parameter">Any parameters passed via XAML</param>
            <param name="culture">The current culture</param>
            <returns>A Visibility Enumeration</returns>
        </member>
        <member name="M:PDSA.WPF.PDSANotBooleanToVisibilityConverter.ConvertBack(System.Object,System.Type,System.Object,System.Globalization.CultureInfo)">
            <summary>
            NOT IMPLEMENTED
            </summary>
            <param name="value">A boolean value</param>
            <param name="targetType">The type of object</param>
            <param name="parameter">Any parameters passed via XAML</param>
            <param name="culture">The current culture</param>
            <returns>NOT IMPLEMENTED</returns>
        </member>
        <member name="T:PDSA.WPF.PDSAWPFListView">
            <summary>
            This class has method to help you work with the WPF ListView control
            </summary>
        </member>
        <member name="M:PDSA.WPF.PDSAWPFListView.#ctor">
            <summary>
            Constructor for PDSAWPFListView class
            </summary>
        </member>
        <member name="M:PDSA.WPF.PDSAWPFListView.Reposition(System.Windows.Controls.ListView,System.Int32)">
            <summary>
            Call this method after you remove an item from a list control. It will return either an index of the next item to position to.
            </summary>
            <param name="lst">The ListView control</param>
            <param name="index">Which index was just removed</param>
            <returns>int - the new index to position to, or a -1 if no items remain</returns>
        </member>
        <member name="M:PDSA.WPF.PDSAWPFListView.CreateGridViewColumns(System.Type)">
            <summary>
            Used to build the &lt;GridView&gt; and the &lt;GridViewColumn&gt; controls for a WPF ListView. 
            This is used when you want to build a ListView of columns using Reflection of a Type
            NOTE: You can't use this routine when you have bound the ListView to an ObjectDataProvider.
            </summary>
            <example>
             lstXML.View = PDSAWPFListView.CreateGridViewColumns(typeOf(Product));
             lstXML.DataContext = dt;
            </example>
            <param name="anyType">A Type to extract properties from</param>
            <returns>A GridView Object</returns>
        </member>
        <member name="M:PDSA.WPF.PDSAWPFListView.CreateGridViewColumns(System.Data.DataTable)">
            <summary>
            Used to build the &lt;GridView&gt; and the &lt;GridViewColumn&gt; controls for a WPF ListView. 
            This is used when you want to build a ListView of columns from a DataTable object.
            NOTE: You can't use this routine when you have bound the ListView to an ObjectDataProvider.
            </summary>
            <example>
             DataTable dt;
             
             dt = PDSAXML.XmlFileToDataTable(txtFileToDataset.Text);
             
             lstXML.View = PDSAWPFListView.CreateGridViewColumns(dt);
             lstXML.DataContext = dt;
            </example>
            <param name="dt">A Data Table</param>
            <returns>A GridView object</returns>
        </member>
        <member name="M:PDSA.WPF.PDSAWPFListView.CreateGridViewColumns(System.Windows.Controls.GridView,System.Data.DataTable)">
            <summary>
            Used to build the &lt;GridView&gt; and the &lt;GridViewColumn&gt; controls for a WPF ListView. 
            This is used when you want to build a ListView of columns from a DataTable object.
            NOTE: You can't use this routine when you have bound the ListView to an ObjectDataProvider.
            </summary>
            <example>
             DataTable dt;
             
             dt = PDSAXML.XmlFileToDataTable(txtFileToDataset.Text);
             
             lstXML.View = PDSAWPFListView.CreateGridViewColumns(dt);
             lstXML.DataContext = dt;
            </example>
            <param name="gv">A GridView Object</param>
            <param name="dt">A Data Table</param>
            <returns>A GridView object</returns>
        </member>
        <member name="M:PDSA.WPF.PDSAWPFListView.CreateGridViewColumns(PDSA.Validation.PDSAPropertyHeaders)">
            <summary>
            Used to build the &lt;GridView&gt; and the &lt;GridViewColumn&gt; controls for a WPF ListView. 
            This is used when you want to build a ListView of columns from the collection of PDSAPropertyHeader objects.
            NOTE: You can't use this routine when you have bound the ListView to an ObjectDataProvider.
            </summary>
            <param name="propHeaders">A collection of PDSAProperty Header objects</param>
            <returns>A GridView object</returns>
        </member>
        <member name="M:PDSA.WPF.PDSAWPFListView.CreateGridViewColumns(System.Windows.Controls.GridView,PDSA.Validation.PDSAPropertyHeaders)">
            <summary>
            Used to build the &lt;GridView&gt; and the &lt;GridViewColumn&gt; controls for a WPF ListView. 
            This is used when you want to build a ListView of columns from the collection of PDSAPropertyHeader objects.
            NOTE: You can't use this routine when you have bound the ListView to an ObjectDataProvider.
            </summary>
            <param name="gv">A GridView object</param>
            <param name="propHeaders">A Collection of PDSAPropertyHeader objects</param>
            <returns>A GridView Object</returns>
        </member>
        <member name="M:PDSA.WPF.PDSAWPFListView.CreateGridViewColumns(PDSA.Validation.PDSAProperties)">
            <summary>
            Used to build the &lt;GridView&gt; and the &lt;GridViewColumn&gt; controls for a WPF ListView. 
            This is used when you want to build a ListView of columns from the collection of PDSAProperty objects.
            NOTE: You can't use this routine when you have bound the ListView to an ObjectDataProvider.
            </summary>
            <param name="propHeaders">A collection of PDSAProperty Objects</param>
            <returns>A GridView Object</returns>
        </member>
        <member name="M:PDSA.WPF.PDSAWPFListView.CreateGridViewColumns(System.Windows.Controls.GridView,PDSA.Validation.PDSAProperties)">
            <summary>
            Used to build the &lt;GridView&gt; and the &lt;GridViewColumn&gt; controls for a WPF ListView. 
            This is used when you want to build a ListView of columns from the collection of PDSAProperty objects.
            NOTE: You can't use this routine when you have bound the ListView to an ObjectDataProvider.
            </summary>
            <param name="gv">A GridView Object</param>
            <param name="properties">A Collection of PDSAProperty objects</param>
            <returns>A GridView Object</returns>
        </member>
        <member name="T:PDSA.WPF.PDSAWPFUserControl">
            <summary>
            This class will help you work with User Controls in WPF.
            </summary>
        </member>
        <member name="M:PDSA.WPF.PDSAWPFUserControl.#ctor">
            <summary>
            Constructor for PDSAWPFUserControl class
            </summary>
        </member>
        <member name="M:PDSA.WPF.PDSAWPFUserControl.IsInDesignMode(System.Windows.Controls.UserControl)">
            <summary>
            Returns a true if the supplied UserControl object is in design mode, or in runtime mode.
            </summary>
            <param name="ctl">The UserControl object to check</param>
            <returns>Boolean</returns>
        </member>
        <member name="M:PDSA.WPF.PDSAWPFUserControl.IsInDesignMode(System.Windows.Window)">
            <summary>
            Returns a true if the supplied Window object is in design mode, or in runtime mode.
            </summary>
            <param name="ctl">The Window object to check</param>
            <returns>Boolean</returns>
        </member>
        <member name="T:PDSA.WPF.Properties.Resources">
            <summary>
              A strongly-typed resource class, for looking up localized strings, etc.
            </summary>
        </member>
        <member name="P:PDSA.WPF.Properties.Resources.ResourceManager">
            <summary>
              Returns the cached ResourceManager instance used by this class.
            </summary>
        </member>
        <member name="P:PDSA.WPF.Properties.Resources.Culture">
            <summary>
              Overrides the current thread's CurrentUICulture property for all
              resource lookups using this strongly typed resource class.
            </summary>
        </member>
    </members>
</doc>
