<?xml version="1.0" standalone="yes"?>
<Countries>
  <Country>
    <Code>AFG</Code>
    <Name>AFGHANISTAN</Name>
    <ISONumber>004</ISONumber>
    <TwoLetter>AF</TwoLetter>
  </Country>
  <Country>
    <Code>ALB</Code>
    <Name>ALBANIA</Name>
    <ISONumber>008</ISONumber>
    <TwoLetter>AL</TwoLetter>
  </Country>
  <Country>
    <Code>DZA</Code>
    <Name>ALGERIA</Name>
    <ISONumber>012</ISONumber>
    <TwoLetter>DZ</TwoLetter>
  </Country>
  <Country>
    <Code>ASM</Code>
    <Name>AMERICAN SAMOA</Name>
    <ISONumber>016</ISONumber>
    <TwoLetter>AS</TwoLetter>
  </Country>
  <Country>
    <Code>AND</Code>
    <Name>ANDORRA</Name>
    <ISONumber>020</ISONumber>
    <TwoLetter>AD</TwoLetter>
  </Country>
  <Country>
    <Code>AGO</Code>
    <Name>ANGOLA</Name>
    <ISONumber>024</ISONumber>
    <TwoLetter>AO</TwoLetter>
  </Country>
  <Country>
    <Code>AIA</Code>
    <Name>ANGUILLA</Name>
    <ISONumber>660</ISONumber>
    <TwoLetter>AI</TwoLetter>
  </Country>
  <Country>
    <Code>ATA</Code>
    <Name>ANTARCTICA</Name>
    <ISONumber>010</ISONumber>
    <TwoLetter>AQ</TwoLetter>
  </Country>
  <Country>
    <Code>ATG</Code>
    <Name>ANTIGUA AND BARBUDA</Name>
    <ISONumber>028</ISONumber>
    <TwoLetter>AG</TwoLetter>
  </Country>
  <Country>
    <Code>ARG</Code>
    <Name>ARGENTINA</Name>
    <ISONumber>032</ISONumber>
    <TwoLetter>AR</TwoLetter>
  </Country>
  <Country>
    <Code>ARM</Code>
    <Name>ARMENIA</Name>
    <ISONumber>051</ISONumber>
    <TwoLetter>AM</TwoLetter>
  </Country>
  <Country>
    <Code>ABW</Code>
    <Name>ARUBA</Name>
    <ISONumber>533</ISONumber>
    <TwoLetter>AW</TwoLetter>
  </Country>
  <Country>
    <Code>AUS</Code>
    <Name>AUSTRALIA</Name>
    <ISONumber>036</ISONumber>
    <TwoLetter>AU</TwoLetter>
  </Country>
  <Country>
    <Code>AUT</Code>
    <Name>AUSTRIA</Name>
    <ISONumber>040</ISONumber>
    <TwoLetter>AT</TwoLetter>
  </Country>
  <Country>
    <Code>AZE</Code>
    <Name>AZERBAIJAN</Name>
    <ISONumber>031</ISONumber>
    <TwoLetter>AZ</TwoLetter>
  </Country>
  <Country>
    <Code>BHS</Code>
    <Name>BAHAMAS</Name>
    <ISONumber>044</ISONumber>
    <TwoLetter>BS</TwoLetter>
  </Country>
  <Country>
    <Code>BHR</Code>
    <Name>BAHRAIN</Name>
    <ISONumber>048</ISONumber>
    <TwoLetter>BH</TwoLetter>
  </Country>
  <Country>
    <Code>BGD</Code>
    <Name>BANGLADESH</Name>
    <ISONumber>050</ISONumber>
    <TwoLetter>BD</TwoLetter>
  </Country>
  <Country>
    <Code>BRB</Code>
    <Name>BARBADOS</Name>
    <ISONumber>052</ISONumber>
    <TwoLetter>BB</TwoLetter>
  </Country>
  <Country>
    <Code>BLR</Code>
    <Name>BELARUS</Name>
    <ISONumber>112</ISONumber>
    <TwoLetter>BY</TwoLetter>
  </Country>
  <Country>
    <Code>BEL</Code>
    <Name>BELGIUM</Name>
    <ISONumber>056</ISONumber>
    <TwoLetter>BE</TwoLetter>
  </Country>
  <Country>
    <Code>BLZ</Code>
    <Name>BELIZE</Name>
    <ISONumber>084</ISONumber>
    <TwoLetter>BZ</TwoLetter>
  </Country>
  <Country>
    <Code>BEN</Code>
    <Name>BENIN</Name>
    <ISONumber>204</ISONumber>
    <TwoLetter>BJ</TwoLetter>
  </Country>
  <Country>
    <Code>BMU</Code>
    <Name>BERMUDA</Name>
    <ISONumber>060</ISONumber>
    <TwoLetter>BM</TwoLetter>
  </Country>
  <Country>
    <Code>BTN</Code>
    <Name>BHUTAN</Name>
    <ISONumber>064</ISONumber>
    <TwoLetter>BT</TwoLetter>
  </Country>
  <Country>
    <Code>BOL</Code>
    <Name>BOLIVIA</Name>
    <ISONumber>068</ISONumber>
    <TwoLetter>BO</TwoLetter>
  </Country>
  <Country>
    <Code>BIH</Code>
    <Name>BOSNIA AND HERZEGOWINA</Name>
    <ISONumber>070</ISONumber>
    <TwoLetter>BA</TwoLetter>
  </Country>
  <Country>
    <Code>BWA</Code>
    <Name>BOTSWANA</Name>
    <ISONumber>072</ISONumber>
    <TwoLetter>BW</TwoLetter>
  </Country>
  <Country>
    <Code>BVT</Code>
    <Name>BOUVET ISLAND</Name>
    <ISONumber>074</ISONumber>
    <TwoLetter>BV</TwoLetter>
  </Country>
  <Country>
    <Code>BRA</Code>
    <Name>BRAZIL</Name>
    <ISONumber>076</ISONumber>
    <TwoLetter>BR</TwoLetter>
  </Country>
  <Country>
    <Code>IOT</Code>
    <Name>BRITISH INDIAN OCEAN TERRITORY</Name>
    <ISONumber>086</ISONumber>
    <TwoLetter>IO</TwoLetter>
  </Country>
  <Country>
    <Code>BRN</Code>
    <Name>BRUNEI DARUSSALAM</Name>
    <ISONumber>096</ISONumber>
    <TwoLetter>BN</TwoLetter>
  </Country>
  <Country>
    <Code>BGR</Code>
    <Name>BULGARIA</Name>
    <ISONumber>100</ISONumber>
    <TwoLetter>BG</TwoLetter>
  </Country>
  <Country>
    <Code>BFA</Code>
    <Name>BURKINA FASO</Name>
    <ISONumber>854</ISONumber>
    <TwoLetter>BF</TwoLetter>
  </Country>
  <Country>
    <Code>BDI</Code>
    <Name>BURUNDI</Name>
    <ISONumber>108</ISONumber>
    <TwoLetter>BI</TwoLetter>
  </Country>
  <Country>
    <Code>KHM</Code>
    <Name>CAMBODIA</Name>
    <ISONumber>116</ISONumber>
    <TwoLetter>KH</TwoLetter>
  </Country>
  <Country>
    <Code>CMR</Code>
    <Name>CAMEROON</Name>
    <ISONumber>120</ISONumber>
    <TwoLetter>CM</TwoLetter>
  </Country>
  <Country>
    <Code>CAN</Code>
    <Name>CANADA</Name>
    <ISONumber>124</ISONumber>
    <TwoLetter>CA</TwoLetter>
  </Country>
  <Country>
    <Code>CPV</Code>
    <Name>CAPE VERDE</Name>
    <ISONumber>132</ISONumber>
    <TwoLetter>CV</TwoLetter>
  </Country>
  <Country>
    <Code>CYM</Code>
    <Name>CAYMAN ISLANDS</Name>
    <ISONumber>136</ISONumber>
    <TwoLetter>KY</TwoLetter>
  </Country>
  <Country>
    <Code>CAF</Code>
    <Name>CENTRAL AFRICAN REPUBLIC</Name>
    <ISONumber>140</ISONumber>
    <TwoLetter>CF</TwoLetter>
  </Country>
  <Country>
    <Code>TCD</Code>
    <Name>CHAD</Name>
    <ISONumber>148</ISONumber>
    <TwoLetter>TD</TwoLetter>
  </Country>
  <Country>
    <Code>CHL</Code>
    <Name>CHILE</Name>
    <ISONumber>152</ISONumber>
    <TwoLetter>CL</TwoLetter>
  </Country>
  <Country>
    <Code>CHN</Code>
    <Name>CHINA</Name>
    <ISONumber>156</ISONumber>
    <TwoLetter>CN</TwoLetter>
  </Country>
  <Country>
    <Code>CXR</Code>
    <Name>CHRISTMAS ISLAND</Name>
    <ISONumber>162</ISONumber>
    <TwoLetter>CX</TwoLetter>
  </Country>
  <Country>
    <Code>CCK</Code>
    <Name>COCOS (KEELING) ISLANDS</Name>
    <ISONumber>166</ISONumber>
    <TwoLetter>CC</TwoLetter>
  </Country>
  <Country>
    <Code>COL</Code>
    <Name>COLOMBIA</Name>
    <ISONumber>170</ISONumber>
    <TwoLetter>CO</TwoLetter>
  </Country>
  <Country>
    <Code>COM</Code>
    <Name>COMOROS</Name>
    <ISONumber>174</ISONumber>
    <TwoLetter>KM</TwoLetter>
  </Country>
  <Country>
    <Code>COD</Code>
    <Name>CONGO, Democratic Republic of (was Zaire)</Name>
    <ISONumber>180</ISONumber>
    <TwoLetter>CD</TwoLetter>
  </Country>
  <Country>
    <Code>COG</Code>
    <Name>CONGO, People's Republic of</Name>
    <ISONumber>178</ISONumber>
    <TwoLetter>CG</TwoLetter>
  </Country>
  <Country>
    <Code>COK</Code>
    <Name>COOK ISLANDS</Name>
    <ISONumber>184</ISONumber>
    <TwoLetter>CK</TwoLetter>
  </Country>
  <Country>
    <Code>CRI</Code>
    <Name>COSTA RICA</Name>
    <ISONumber>188</ISONumber>
    <TwoLetter>CR</TwoLetter>
  </Country>
  <Country>
    <Code>CIV</Code>
    <Name>COTE D'IVOIRE</Name>
    <ISONumber>384</ISONumber>
    <TwoLetter>CI</TwoLetter>
  </Country>
  <Country>
    <Code>HRV</Code>
    <Name>CROATIA (local name: Hrvatska)</Name>
    <ISONumber>191</ISONumber>
    <TwoLetter>HR</TwoLetter>
  </Country>
  <Country>
    <Code>CUB</Code>
    <Name>CUBA</Name>
    <ISONumber>192</ISONumber>
    <TwoLetter>CU</TwoLetter>
  </Country>
  <Country>
    <Code>CYP</Code>
    <Name>CYPRUS</Name>
    <ISONumber>196</ISONumber>
    <TwoLetter>CY</TwoLetter>
  </Country>
  <Country>
    <Code>CZE</Code>
    <Name>CZECH REPUBLIC</Name>
    <ISONumber>203</ISONumber>
    <TwoLetter>CZ</TwoLetter>
  </Country>
  <Country>
    <Code>DNK</Code>
    <Name>DENMARK</Name>
    <ISONumber>208</ISONumber>
    <TwoLetter>DK</TwoLetter>
  </Country>
  <Country>
    <Code>DJI</Code>
    <Name>DJIBOUTI</Name>
    <ISONumber>262</ISONumber>
    <TwoLetter>DJ</TwoLetter>
  </Country>
  <Country>
    <Code>DMA</Code>
    <Name>DOMINICA</Name>
    <ISONumber>212</ISONumber>
    <TwoLetter>DM</TwoLetter>
  </Country>
  <Country>
    <Code>DOM</Code>
    <Name>DOMINICAN REPUBLIC</Name>
    <ISONumber>214</ISONumber>
    <TwoLetter>DO</TwoLetter>
  </Country>
  <Country>
    <Code>TLS</Code>
    <Name>EAST TIMOR</Name>
    <ISONumber>626</ISONumber>
    <TwoLetter>TL</TwoLetter>
  </Country>
  <Country>
    <Code>ECU</Code>
    <Name>ECUADOR</Name>
    <ISONumber>218</ISONumber>
    <TwoLetter>EC</TwoLetter>
  </Country>
  <Country>
    <Code>EGY</Code>
    <Name>EGYPT</Name>
    <ISONumber>818</ISONumber>
    <TwoLetter>EG</TwoLetter>
  </Country>
  <Country>
    <Code>SLV</Code>
    <Name>EL SALVADOR</Name>
    <ISONumber>222</ISONumber>
    <TwoLetter>SV</TwoLetter>
  </Country>
  <Country>
    <Code>GNQ</Code>
    <Name>EQUATORIAL GUINEA</Name>
    <ISONumber>226</ISONumber>
    <TwoLetter>GQ</TwoLetter>
  </Country>
  <Country>
    <Code>ERI</Code>
    <Name>ERITREA</Name>
    <ISONumber>232</ISONumber>
    <TwoLetter>ER</TwoLetter>
  </Country>
  <Country>
    <Code>EST</Code>
    <Name>ESTONIA</Name>
    <ISONumber>233</ISONumber>
    <TwoLetter>EE</TwoLetter>
  </Country>
  <Country>
    <Code>ETH</Code>
    <Name>ETHIOPIA</Name>
    <ISONumber>231</ISONumber>
    <TwoLetter>ET</TwoLetter>
  </Country>
  <Country>
    <Code>FLK</Code>
    <Name>FALKLAND ISLANDS (MALVINAS)</Name>
    <ISONumber>238</ISONumber>
    <TwoLetter>FK</TwoLetter>
  </Country>
  <Country>
    <Code>FRO</Code>
    <Name>FAROE ISLANDS</Name>
    <ISONumber>234</ISONumber>
    <TwoLetter>FO</TwoLetter>
  </Country>
  <Country>
    <Code>FJI</Code>
    <Name>FIJI</Name>
    <ISONumber>242</ISONumber>
    <TwoLetter>FJ</TwoLetter>
  </Country>
  <Country>
    <Code>FIN</Code>
    <Name>FINLAND</Name>
    <ISONumber>246</ISONumber>
    <TwoLetter>FI</TwoLetter>
  </Country>
  <Country>
    <Code>FRA</Code>
    <Name>FRANCE</Name>
    <ISONumber>250</ISONumber>
    <TwoLetter>FR</TwoLetter>
  </Country>
  <Country>
    <Code>FXX</Code>
    <Name>FRANCE, METROPOLITAN</Name>
    <ISONumber>249</ISONumber>
    <TwoLetter>FX</TwoLetter>
  </Country>
  <Country>
    <Code>GUF</Code>
    <Name>FRENCH GUIANA</Name>
    <ISONumber>254</ISONumber>
    <TwoLetter>GF</TwoLetter>
  </Country>
  <Country>
    <Code>PYF</Code>
    <Name>FRENCH POLYNESIA</Name>
    <ISONumber>258</ISONumber>
    <TwoLetter>PF</TwoLetter>
  </Country>
  <Country>
    <Code>ATF</Code>
    <Name>FRENCH SOUTHERN TERRITORIES</Name>
    <ISONumber>260</ISONumber>
    <TwoLetter>TF</TwoLetter>
  </Country>
  <Country>
    <Code>GAB</Code>
    <Name>GABON</Name>
    <ISONumber>266</ISONumber>
    <TwoLetter>GA</TwoLetter>
  </Country>
  <Country>
    <Code>GMB</Code>
    <Name>GAMBIA</Name>
    <ISONumber>270</ISONumber>
    <TwoLetter>GM</TwoLetter>
  </Country>
  <Country>
    <Code>GEO</Code>
    <Name>GEORGIA</Name>
    <ISONumber>268</ISONumber>
    <TwoLetter>GE</TwoLetter>
  </Country>
  <Country>
    <Code>DEU</Code>
    <Name>GERMANY</Name>
    <ISONumber>276</ISONumber>
    <TwoLetter>DE</TwoLetter>
  </Country>
  <Country>
    <Code>GHA</Code>
    <Name>GHANA</Name>
    <ISONumber>288</ISONumber>
    <TwoLetter>GH</TwoLetter>
  </Country>
  <Country>
    <Code>GIB</Code>
    <Name>GIBRALTAR</Name>
    <ISONumber>292</ISONumber>
    <TwoLetter>GI</TwoLetter>
  </Country>
  <Country>
    <Code>GRC</Code>
    <Name>GREECE</Name>
    <ISONumber>300</ISONumber>
    <TwoLetter>GR</TwoLetter>
  </Country>
  <Country>
    <Code>GRL</Code>
    <Name>GREENLAND</Name>
    <ISONumber>304</ISONumber>
    <TwoLetter>GL</TwoLetter>
  </Country>
  <Country>
    <Code>GRD</Code>
    <Name>GRENADA</Name>
    <ISONumber>308</ISONumber>
    <TwoLetter>GD</TwoLetter>
  </Country>
  <Country>
    <Code>GLP</Code>
    <Name>GUADELOUPE</Name>
    <ISONumber>312</ISONumber>
    <TwoLetter>GP</TwoLetter>
  </Country>
  <Country>
    <Code>GUM</Code>
    <Name>GUAM</Name>
    <ISONumber>316</ISONumber>
    <TwoLetter>GU</TwoLetter>
  </Country>
  <Country>
    <Code>GTM</Code>
    <Name>GUATEMALA</Name>
    <ISONumber>320</ISONumber>
    <TwoLetter>GT</TwoLetter>
  </Country>
  <Country>
    <Code>GIN</Code>
    <Name>GUINEA</Name>
    <ISONumber>324</ISONumber>
    <TwoLetter>GN</TwoLetter>
  </Country>
  <Country>
    <Code>GNB</Code>
    <Name>GUINEA-BISSAU</Name>
    <ISONumber>624</ISONumber>
    <TwoLetter>GW</TwoLetter>
  </Country>
  <Country>
    <Code>GUY</Code>
    <Name>GUYANA</Name>
    <ISONumber>328</ISONumber>
    <TwoLetter>GY</TwoLetter>
  </Country>
  <Country>
    <Code>HTI</Code>
    <Name>HAITI</Name>
    <ISONumber>332</ISONumber>
    <TwoLetter>HT</TwoLetter>
  </Country>
  <Country>
    <Code>HMD</Code>
    <Name>HEARD AND MC DONALD ISLANDS</Name>
    <ISONumber>334</ISONumber>
    <TwoLetter>HM</TwoLetter>
  </Country>
  <Country>
    <Code>HND</Code>
    <Name>HONDURAS</Name>
    <ISONumber>340</ISONumber>
    <TwoLetter>HN</TwoLetter>
  </Country>
  <Country>
    <Code>HKG</Code>
    <Name>HONG KONG</Name>
    <ISONumber>344</ISONumber>
    <TwoLetter>HK</TwoLetter>
  </Country>
  <Country>
    <Code>HUN</Code>
    <Name>HUNGARY</Name>
    <ISONumber>348</ISONumber>
    <TwoLetter>HU</TwoLetter>
  </Country>
  <Country>
    <Code>ISL</Code>
    <Name>ICELAND</Name>
    <ISONumber>352</ISONumber>
    <TwoLetter>IS</TwoLetter>
  </Country>
  <Country>
    <Code>IND</Code>
    <Name>INDIA</Name>
    <ISONumber>356</ISONumber>
    <TwoLetter>IN</TwoLetter>
  </Country>
  <Country>
    <Code>IDN</Code>
    <Name>INDONESIA</Name>
    <ISONumber>360</ISONumber>
    <TwoLetter>ID</TwoLetter>
  </Country>
  <Country>
    <Code>IRN</Code>
    <Name>IRAN (ISLAMIC REPUBLIC OF)</Name>
    <ISONumber>364</ISONumber>
    <TwoLetter>IR</TwoLetter>
  </Country>
  <Country>
    <Code>IRQ</Code>
    <Name>IRAQ</Name>
    <ISONumber>368</ISONumber>
    <TwoLetter>IQ</TwoLetter>
  </Country>
  <Country>
    <Code>IRL</Code>
    <Name>IRELAND</Name>
    <ISONumber>372</ISONumber>
    <TwoLetter>IE</TwoLetter>
  </Country>
  <Country>
    <Code>ISR</Code>
    <Name>ISRAEL</Name>
    <ISONumber>376</ISONumber>
    <TwoLetter>IL</TwoLetter>
  </Country>
  <Country>
    <Code>ITA</Code>
    <Name>ITALY</Name>
    <ISONumber>380</ISONumber>
    <TwoLetter>IT</TwoLetter>
  </Country>
  <Country>
    <Code>JAM</Code>
    <Name>JAMAICA</Name>
    <ISONumber>388</ISONumber>
    <TwoLetter>JM</TwoLetter>
  </Country>
  <Country>
    <Code>JPN</Code>
    <Name>JAPAN</Name>
    <ISONumber>392</ISONumber>
    <TwoLetter>JP</TwoLetter>
  </Country>
  <Country>
    <Code>JOR</Code>
    <Name>JORDAN</Name>
    <ISONumber>400</ISONumber>
    <TwoLetter>JO</TwoLetter>
  </Country>
  <Country>
    <Code>KAZ</Code>
    <Name>KAZAKHSTAN</Name>
    <ISONumber>398</ISONumber>
    <TwoLetter>KZ</TwoLetter>
  </Country>
  <Country>
    <Code>KEN</Code>
    <Name>KENYA</Name>
    <ISONumber>404</ISONumber>
    <TwoLetter>KE</TwoLetter>
  </Country>
  <Country>
    <Code>KIR</Code>
    <Name>KIRIBATI</Name>
    <ISONumber>296</ISONumber>
    <TwoLetter>KI</TwoLetter>
  </Country>
  <Country>
    <Code>PRK</Code>
    <Name>KOREA, DEMOCRATIC PEOPLE'S REPUBLIC OF</Name>
    <ISONumber>408</ISONumber>
    <TwoLetter>KP</TwoLetter>
  </Country>
  <Country>
    <Code>KOR</Code>
    <Name>KOREA, REPUBLIC OF</Name>
    <ISONumber>410</ISONumber>
    <TwoLetter>KR</TwoLetter>
  </Country>
  <Country>
    <Code>KWT</Code>
    <Name>KUWAIT</Name>
    <ISONumber>414</ISONumber>
    <TwoLetter>KW</TwoLetter>
  </Country>
  <Country>
    <Code>KGZ</Code>
    <Name>KYRGYZSTAN</Name>
    <ISONumber>417</ISONumber>
    <TwoLetter>KG</TwoLetter>
  </Country>
  <Country>
    <Code>LAO</Code>
    <Name>LAO PEOPLE'S DEMOCRATIC REPUBLIC</Name>
    <ISONumber>418</ISONumber>
    <TwoLetter>LA</TwoLetter>
  </Country>
  <Country>
    <Code>LVA</Code>
    <Name>LATVIA</Name>
    <ISONumber>428</ISONumber>
    <TwoLetter>LV</TwoLetter>
  </Country>
  <Country>
    <Code>LBN</Code>
    <Name>LEBANON</Name>
    <ISONumber>422</ISONumber>
    <TwoLetter>LB</TwoLetter>
  </Country>
  <Country>
    <Code>LSO</Code>
    <Name>LESOTHO</Name>
    <ISONumber>426</ISONumber>
    <TwoLetter>LS</TwoLetter>
  </Country>
  <Country>
    <Code>LBR</Code>
    <Name>LIBERIA</Name>
    <ISONumber>430</ISONumber>
    <TwoLetter>LR</TwoLetter>
  </Country>
  <Country>
    <Code>LBY</Code>
    <Name>LIBYAN ARAB JAMAHIRIYA</Name>
    <ISONumber>434</ISONumber>
    <TwoLetter>LY</TwoLetter>
  </Country>
  <Country>
    <Code>LIE</Code>
    <Name>LIECHTENSTEIN</Name>
    <ISONumber>438</ISONumber>
    <TwoLetter>LI</TwoLetter>
  </Country>
  <Country>
    <Code>LTU</Code>
    <Name>LITHUANIA</Name>
    <ISONumber>440</ISONumber>
    <TwoLetter>LT</TwoLetter>
  </Country>
  <Country>
    <Code>LUX</Code>
    <Name>LUXEMBOURG</Name>
    <ISONumber>442</ISONumber>
    <TwoLetter>LU</TwoLetter>
  </Country>
  <Country>
    <Code>MAC</Code>
    <Name>MACAU</Name>
    <ISONumber>446</ISONumber>
    <TwoLetter>MO</TwoLetter>
  </Country>
  <Country>
    <Code>MKD</Code>
    <Name>MACEDONIA, THE FORMER YUGOSLAV REPUBLIC OF</Name>
    <TwoLetter>MK</TwoLetter>
  </Country>
  <Country>
    <Code>MDG</Code>
    <Name>MADAGASCAR</Name>
    <TwoLetter>MG</TwoLetter>
  </Country>
  <Country>
    <Code>MWI</Code>
    <Name>MALAWI</Name>
    <TwoLetter>MW</TwoLetter>
  </Country>
  <Country>
    <Code>MYS</Code>
    <Name>MALAYSIA</Name>
    <TwoLetter>MY</TwoLetter>
  </Country>
  <Country>
    <Code>MDV</Code>
    <Name>MALDIVES</Name>
    <TwoLetter>MV</TwoLetter>
  </Country>
  <Country>
    <Code>MLI</Code>
    <Name>MALI</Name>
    <TwoLetter>ML</TwoLetter>
  </Country>
  <Country>
    <Code>MHL</Code>
    <Name>MALTA</Name>
    <TwoLetter>MH</TwoLetter>
  </Country>
  <Country>
    <Code>MHL</Code>
    <Name>MARSHALL ISLANDS</Name>
    <TwoLetter>MH</TwoLetter>
  </Country>
  <Country>
    <Code>MTQ</Code>
    <Name>MARTINIQUE</Name>
    <TwoLetter>MQ</TwoLetter>
  </Country>
  <Country>
    <Code>MRT</Code>
    <Name>MAURITANIA</Name>
    <TwoLetter>MR</TwoLetter>
  </Country>
  <Country>
    <Code>MUS</Code>
    <Name>MAURITIUS</Name>
    <TwoLetter>MU</TwoLetter>
  </Country>
  <Country>
    <Code>MYT</Code>
    <Name>MAYOTTE</Name>
    <TwoLetter>YT</TwoLetter>
  </Country>
  <Country>
    <Code>MEX</Code>
    <Name>MEXICO</Name>
    <TwoLetter>MX</TwoLetter>
  </Country>
  <Country>
    <Code>FSM</Code>
    <Name>MICRONESIA, FEDERATED STATES OF</Name>
    <TwoLetter>FM</TwoLetter>
  </Country>
  <Country>
    <Code>MDA</Code>
    <Name>MOLDOVA, REPUBLIC OF</Name>
    <TwoLetter>MD</TwoLetter>
  </Country>
  <Country>
    <Code>MCO</Code>
    <Name>MONACO</Name>
    <TwoLetter>MC</TwoLetter>
  </Country>
  <Country>
    <Code>MNG</Code>
    <Name>MONGOLIA</Name>
    <TwoLetter>MN</TwoLetter>
  </Country>
  <Country>
    <Code>MSR</Code>
    <Name>MONTSERRAT</Name>
    <TwoLetter>MS</TwoLetter>
  </Country>
  <Country>
    <Code>MAR</Code>
    <Name>MOROCCO</Name>
    <TwoLetter>MA</TwoLetter>
  </Country>
  <Country>
    <Code>MOZ</Code>
    <Name>MOZAMBIQUE</Name>
    <TwoLetter>MZ</TwoLetter>
  </Country>
  <Country>
    <Code>NAM</Code>
    <Name>MYANMAR</Name>
    <TwoLetter>NA</TwoLetter>
  </Country>
  <Country>
    <Code>NRU</Code>
    <Name>NAMIBIA</Name>
    <TwoLetter>NR</TwoLetter>
  </Country>
  <Country>
    <Code>NRU</Code>
    <Name>NAURU</Name>
    <TwoLetter>NR</TwoLetter>
  </Country>
  <Country>
    <Code>NPL</Code>
    <Name>NEPAL</Name>
    <TwoLetter>NP</TwoLetter>
  </Country>
  <Country>
    <Code>NLD</Code>
    <Name>NETHERLANDS</Name>
    <TwoLetter>NL</TwoLetter>
  </Country>
  <Country>
    <Code>ANT</Code>
    <Name>NETHERLANDS ANTILLES</Name>
    <TwoLetter>AN</TwoLetter>
  </Country>
  <Country>
    <Code>NCL</Code>
    <Name>NEW CALEDONIA</Name>
    <TwoLetter>NC</TwoLetter>
  </Country>
  <Country>
    <Code>NZL</Code>
    <Name>NEW ZEALAND</Name>
    <TwoLetter>NZ</TwoLetter>
  </Country>
  <Country>
    <Code>NIC</Code>
    <Name>NICARAGUA</Name>
    <TwoLetter>NI</TwoLetter>
  </Country>
  <Country>
    <Code>NER</Code>
    <Name>NIGER</Name>
    <TwoLetter>NE</TwoLetter>
  </Country>
  <Country>
    <Code>NGA</Code>
    <Name>NIGERIA</Name>
    <TwoLetter>NG</TwoLetter>
  </Country>
  <Country>
    <Code>NIU</Code>
    <Name>NIUE</Name>
    <TwoLetter>NU</TwoLetter>
  </Country>
  <Country>
    <Code>NFK</Code>
    <Name>NORFOLK ISLAND</Name>
    <TwoLetter>NF</TwoLetter>
  </Country>
  <Country>
    <Code>MNP</Code>
    <Name>NORTHERN MARIANA ISLANDS</Name>
    <TwoLetter>MP</TwoLetter>
  </Country>
  <Country>
    <Code>NOR</Code>
    <Name>NORWAY</Name>
    <TwoLetter>NO</TwoLetter>
  </Country>
  <Country>
    <Code>OMN</Code>
    <Name>OMAN</Name>
    <TwoLetter>OM</TwoLetter>
  </Country>
  <Country>
    <Code>PAK</Code>
    <Name>PAKISTAN</Name>
    <TwoLetter>PK</TwoLetter>
  </Country>
  <Country>
    <Code>PLW</Code>
    <Name>PALAU</Name>
    <TwoLetter>PW</TwoLetter>
  </Country>
  <Country>
    <Code>PSE</Code>
    <Name>PALESTINIAN TERRITORY, Occupied</Name>
    <TwoLetter>PS</TwoLetter>
  </Country>
  <Country>
    <Code>PAN</Code>
    <Name>PANAMA</Name>
    <TwoLetter>PA</TwoLetter>
  </Country>
  <Country>
    <Code>PNG</Code>
    <Name>PAPUA NEW GUINEA</Name>
    <TwoLetter>PG</TwoLetter>
  </Country>
  <Country>
    <Code>PRY</Code>
    <Name>PARAGUAY</Name>
    <TwoLetter>PY</TwoLetter>
  </Country>
  <Country>
    <Code>PER</Code>
    <Name>PERU</Name>
    <TwoLetter>PE</TwoLetter>
  </Country>
  <Country>
    <Code>PHL</Code>
    <Name>PHILIPPINES</Name>
    <TwoLetter>PH</TwoLetter>
  </Country>
  <Country>
    <Code>PCN</Code>
    <Name>PITCAIRN</Name>
    <TwoLetter>PN</TwoLetter>
  </Country>
  <Country>
    <Code>POL</Code>
    <Name>POLAND</Name>
    <TwoLetter>PL</TwoLetter>
  </Country>
  <Country>
    <Code>PRT</Code>
    <Name>PORTUGAL</Name>
    <TwoLetter>PT</TwoLetter>
  </Country>
  <Country>
    <Code>PRI</Code>
    <Name>PUERTO RICO</Name>
    <TwoLetter>PR</TwoLetter>
  </Country>
  <Country>
    <Code>QAT</Code>
    <Name>QATAR</Name>
    <TwoLetter>QA</TwoLetter>
  </Country>
  <Country>
    <Code>REU</Code>
    <Name>REUNION</Name>
    <TwoLetter>RE</TwoLetter>
  </Country>
  <Country>
    <Code>ROU</Code>
    <Name>ROMANIA</Name>
    <TwoLetter>RO</TwoLetter>
  </Country>
  <Country>
    <Code>RUS</Code>
    <Name>RUSSIAN FEDERATION</Name>
    <TwoLetter>RU</TwoLetter>
  </Country>
  <Country>
    <Code>RWA</Code>
    <Name>RWANDA</Name>
    <TwoLetter>RW</TwoLetter>
  </Country>
  <Country>
    <Code>KNA</Code>
    <Name>SAINT KITTS AND NEVIS</Name>
    <TwoLetter>KN</TwoLetter>
  </Country>
  <Country>
    <Code>LCA</Code>
    <Name>SAINT LUCIA</Name>
    <TwoLetter>LC</TwoLetter>
  </Country>
  <Country>
    <Code>VCT</Code>
    <Name>SAINT VINCENT AND THE GRENADINES</Name>
    <TwoLetter>VC</TwoLetter>
  </Country>
  <Country>
    <Code>WSM</Code>
    <Name>SAMOA</Name>
    <TwoLetter>WS</TwoLetter>
  </Country>
  <Country>
    <Code>SMR</Code>
    <Name>SAN MARINO</Name>
    <TwoLetter>SM</TwoLetter>
  </Country>
  <Country>
    <Code>STP</Code>
    <Name>SAO TOME AND PRINCIPE</Name>
    <TwoLetter>ST</TwoLetter>
  </Country>
  <Country>
    <Code>SAU</Code>
    <Name>SAUDI ARABIA</Name>
    <TwoLetter>SA</TwoLetter>
  </Country>
  <Country>
    <Code>SEN</Code>
    <Name>SENEGAL</Name>
    <TwoLetter>SN</TwoLetter>
  </Country>
  <Country>
    <Code>SYC</Code>
    <Name>SEYCHELLES</Name>
    <TwoLetter>SC</TwoLetter>
  </Country>
  <Country>
    <Code>SLE</Code>
    <Name>SIERRA LEONE</Name>
    <TwoLetter>SL</TwoLetter>
  </Country>
  <Country>
    <Code>SGP</Code>
    <Name>SINGAPORE</Name>
    <TwoLetter>SG</TwoLetter>
  </Country>
  <Country>
    <Code>SVK</Code>
    <Name>SLOVAKIA (Slovak Republic)</Name>
    <TwoLetter>SK</TwoLetter>
  </Country>
  <Country>
    <Code>SVN</Code>
    <Name>SLOVENIA</Name>
    <TwoLetter>SI</TwoLetter>
  </Country>
  <Country>
    <Code>SLB</Code>
    <Name>SOLOMON ISLANDS</Name>
    <ISONumber>090</ISONumber>
    <TwoLetter>SB</TwoLetter>
  </Country>
  <Country>
    <Code>SOM</Code>
    <Name>SOMALIA</Name>
    <ISONumber>706</ISONumber>
    <TwoLetter>SO</TwoLetter>
  </Country>
  <Country>
    <Code>ZAF</Code>
    <Name>SOUTH AFRICA</Name>
    <ISONumber>710</ISONumber>
    <TwoLetter>ZA</TwoLetter>
  </Country>
  <Country>
    <Code>SGS</Code>
    <Name>SOUTH GEORGIA AND THE SOUTH SANDWICH ISLANDS</Name>
    <ISONumber>239</ISONumber>
    <TwoLetter>GS</TwoLetter>
  </Country>
  <Country>
    <Code>ESP</Code>
    <Name>SPAIN</Name>
    <ISONumber>724</ISONumber>
    <TwoLetter>ES</TwoLetter>
  </Country>
  <Country>
    <Code>LKA</Code>
    <Name>SRI LANKA</Name>
    <ISONumber>144</ISONumber>
    <TwoLetter>LK</TwoLetter>
  </Country>
  <Country>
    <Code>SHN</Code>
    <Name>ST. HELENA</Name>
    <ISONumber>654</ISONumber>
    <TwoLetter>SH</TwoLetter>
  </Country>
  <Country>
    <Code>SPM</Code>
    <Name>ST. PIERRE AND MIQUELON</Name>
    <ISONumber>666</ISONumber>
    <TwoLetter>PM</TwoLetter>
  </Country>
  <Country>
    <Code>SDN</Code>
    <Name>SUDAN</Name>
    <ISONumber>736</ISONumber>
    <TwoLetter>SD</TwoLetter>
  </Country>
  <Country>
    <Code>SUR</Code>
    <Name>SURINAME</Name>
    <ISONumber>740</ISONumber>
    <TwoLetter>SR</TwoLetter>
  </Country>
  <Country>
    <Code>SJM</Code>
    <Name>SVALBARD AND JAN MAYEN ISLANDS</Name>
    <ISONumber>744</ISONumber>
    <TwoLetter>SJ</TwoLetter>
  </Country>
  <Country>
    <Code>SWZ</Code>
    <Name>SWAZILAND</Name>
    <ISONumber>748</ISONumber>
    <TwoLetter>SZ</TwoLetter>
  </Country>
  <Country>
    <Code>SWE</Code>
    <Name>SWEDEN</Name>
    <ISONumber>752</ISONumber>
    <TwoLetter>SE</TwoLetter>
  </Country>
  <Country>
    <Code>CHE</Code>
    <Name>SWITZERLAND</Name>
    <ISONumber>756</ISONumber>
    <TwoLetter>CH</TwoLetter>
  </Country>
  <Country>
    <Code>SYR</Code>
    <Name>SYRIAN ARAB REPUBLIC</Name>
    <ISONumber>760</ISONumber>
    <TwoLetter>SY</TwoLetter>
  </Country>
  <Country>
    <Code>TWN</Code>
    <Name>TAIWAN</Name>
    <ISONumber>158</ISONumber>
    <TwoLetter>TW</TwoLetter>
  </Country>
  <Country>
    <Code>TJK</Code>
    <Name>TAJIKISTAN</Name>
    <ISONumber>762</ISONumber>
    <TwoLetter>TJ</TwoLetter>
  </Country>
  <Country>
    <Code>TZA</Code>
    <Name>TANZANIA, UNITED REPUBLIC OF</Name>
    <ISONumber>834</ISONumber>
    <TwoLetter>TZ</TwoLetter>
  </Country>
  <Country>
    <Code>THA</Code>
    <Name>THAILAND</Name>
    <ISONumber>764</ISONumber>
    <TwoLetter>TH</TwoLetter>
  </Country>
  <Country>
    <Code>TGO</Code>
    <Name>TOGO</Name>
    <ISONumber>768</ISONumber>
    <TwoLetter>TG</TwoLetter>
  </Country>
  <Country>
    <Code>TKL</Code>
    <Name>TOKELAU</Name>
    <ISONumber>772</ISONumber>
    <TwoLetter>TK</TwoLetter>
  </Country>
  <Country>
    <Code>TON</Code>
    <Name>TONGA</Name>
    <ISONumber>776</ISONumber>
    <TwoLetter>TO</TwoLetter>
  </Country>
  <Country>
    <Code>TTO</Code>
    <Name>TRINIDAD AND TOBAGO</Name>
    <ISONumber>780</ISONumber>
    <TwoLetter>TT</TwoLetter>
  </Country>
  <Country>
    <Code>TUN</Code>
    <Name>TUNISIA</Name>
    <ISONumber>788</ISONumber>
    <TwoLetter>TN</TwoLetter>
  </Country>
  <Country>
    <Code>TUR</Code>
    <Name>TURKEY</Name>
    <ISONumber>792</ISONumber>
    <TwoLetter>TR</TwoLetter>
  </Country>
  <Country>
    <Code>TKM</Code>
    <Name>TURKMENISTAN</Name>
    <ISONumber>795</ISONumber>
    <TwoLetter>TM</TwoLetter>
  </Country>
  <Country>
    <Code>TCA</Code>
    <Name>TURKS AND CAICOS ISLANDS</Name>
    <ISONumber>796</ISONumber>
    <TwoLetter>TC</TwoLetter>
  </Country>
  <Country>
    <Code>TUV</Code>
    <Name>TUVALU</Name>
    <ISONumber>798</ISONumber>
    <TwoLetter>TV</TwoLetter>
  </Country>
  <Country>
    <Code>UGA</Code>
    <Name>UGANDA</Name>
    <ISONumber>800</ISONumber>
    <TwoLetter>UG</TwoLetter>
  </Country>
  <Country>
    <Code>UKR</Code>
    <Name>UKRAINE</Name>
    <ISONumber>804</ISONumber>
    <TwoLetter>UA</TwoLetter>
  </Country>
  <Country>
    <Code>ARE</Code>
    <Name>UNITED ARAB EMIRATES</Name>
    <ISONumber>784</ISONumber>
    <TwoLetter>AE</TwoLetter>
  </Country>
  <Country>
    <Code>GBR</Code>
    <Name>UNITED KINGDOM</Name>
    <ISONumber>826</ISONumber>
    <TwoLetter>GB</TwoLetter>
  </Country>
  <Country>
    <Code>USA</Code>
    <Name>UNITED STATES</Name>
    <ISONumber>840</ISONumber>
    <TwoLetter>US</TwoLetter>
  </Country>
  <Country>
    <Code>UMI</Code>
    <Name>UNITED STATES MINOR OUTLYING ISLANDS</Name>
    <ISONumber>581</ISONumber>
    <TwoLetter>UM</TwoLetter>
  </Country>
  <Country>
    <Code>URY</Code>
    <Name>URUGUAY</Name>
    <ISONumber>858</ISONumber>
    <TwoLetter>UY</TwoLetter>
  </Country>
  <Country>
    <Code>UZB</Code>
    <Name>UZBEKISTAN</Name>
    <ISONumber>860</ISONumber>
    <TwoLetter>UZ</TwoLetter>
  </Country>
  <Country>
    <Code>VUT</Code>
    <Name>VANUATU</Name>
    <ISONumber>548</ISONumber>
    <TwoLetter>VU</TwoLetter>
  </Country>
  <Country>
    <Code>VAT</Code>
    <Name>VATICAN CITY STATE (HOLY SEE)</Name>
    <ISONumber>336</ISONumber>
    <TwoLetter>VA</TwoLetter>
  </Country>
  <Country>
    <Code>VEN</Code>
    <Name>VENEZUELA</Name>
    <ISONumber>862</ISONumber>
    <TwoLetter>VE</TwoLetter>
  </Country>
  <Country>
    <Code>VNM</Code>
    <Name>VIET NAM</Name>
    <ISONumber>704</ISONumber>
    <TwoLetter>VN</TwoLetter>
  </Country>
  <Country>
    <Code>VGB</Code>
    <Name>VIRGIN ISLANDS (BRITISH)</Name>
    <ISONumber>092</ISONumber>
    <TwoLetter>VG</TwoLetter>
  </Country>
  <Country>
    <Code>VIR</Code>
    <Name>VIRGIN ISLANDS (U.S.)</Name>
    <ISONumber>850</ISONumber>
    <TwoLetter>VI</TwoLetter>
  </Country>
  <Country>
    <Code>WLF</Code>
    <Name>WALLIS AND FUTUNA ISLANDS</Name>
    <ISONumber>876</ISONumber>
    <TwoLetter>WF</TwoLetter>
  </Country>
  <Country>
    <Code>ESH</Code>
    <Name>WESTERN SAHARA</Name>
    <ISONumber>732</ISONumber>
    <TwoLetter>EH</TwoLetter>
  </Country>
  <Country>
    <Code>YEM</Code>
    <Name>YEMEN</Name>
    <ISONumber>887</ISONumber>
    <TwoLetter>YE</TwoLetter>
  </Country>
  <Country>
    <Code>YUG</Code>
    <Name>YUGOSLAVIA</Name>
    <ISONumber>891</ISONumber>
    <TwoLetter>YU</TwoLetter>
  </Country>
  <Country>
    <Code>ZMB</Code>
    <Name>ZAMBIA</Name>
    <ISONumber>894</ISONumber>
    <TwoLetter>ZM</TwoLetter>
  </Country>
  <Country>
    <Code>ZWE</Code>
    <Name>ZIMBABWE</Name>
    <ISONumber>716</ISONumber>
    <TwoLetter>ZW</TwoLetter>
  </Country>
</Countries>