<?xml version="1.0" standalone="yes"?>
<pdsaResources>
  <pdsaResource>
    <ResourceId>1</ResourceId>
    <ResourceName>MainResource</ResourceName>
    <ResourceNumber>1</ResourceNumber>
    <ResourceClassName>frmMain</ResourceClassName>
    <ResourceText>This is a message from the frmMain.MainResource.</ResourceText>
    <ResourceLanguage>en-US</ResourceLanguage>
  </pdsaResource>
  <pdsaResource>
    <ResourceId>1</ResourceId>
    <ResourceName>MainResource</ResourceName>
    <ResourceNumber>1</ResourceNumber>
    <ResourceClassName>frmMain</ResourceClassName>
    <ResourceText>Un error en el formulario principal que ahora hará que la aplicación detener y reiniciar.</ResourceText>
    <ResourceLanguage>es-MX</ResourceLanguage>
  </pdsaResource>
  <pdsaResource>
    <ResourceId>2</ResourceId>
    <ResourceName>MainResource</ResourceName>
    <ResourceNumber>2</ResourceNumber>
    <ResourceClassName></ResourceClassName>
    <ResourceText>We are sorry, but the data you have input is incorrect and has caused a malfunction in the application. Please retry your operation.</ResourceText>
    <ResourceLanguage>en-US</ResourceLanguage>
  </pdsaResource>
  <pdsaResource>
    <ResourceId>2</ResourceId>
    <ResourceName>MainResource</ResourceName>
    <ResourceNumber>2</ResourceNumber>
    <ResourceClassName></ResourceClassName>
    <ResourceText>Lo sentimos, pero los datos que usted tiene de entrada no son correcto y ha causado un mal funcionamiento de la aplicación. Vuelva a intentar la operación.</ResourceText>
    <ResourceLanguage>es-MX</ResourceLanguage>
  </pdsaResource>
  <pdsaResource>
    <ResourceId>3</ResourceId>
    <ResourceName>MainResource</ResourceName>
    <ResourceNumber></ResourceNumber>
    <ResourceClassName></ResourceClassName>
    <ResourceText>Sometimes things happen. A serious condition has occurred. The system administrator for this application has been informed.</ResourceText>
    <ResourceLanguage>en-US</ResourceLanguage>
  </pdsaResource>
  <pdsaResource>
    <ResourceId>3</ResourceId>
    <ResourceName>MainResource</ResourceName>
    <ResourceNumber></ResourceNumber>
    <ResourceClassName></ResourceClassName>
    <ResourceText>A veces pasan cosas. Se ha producido un error grave. Se ha informado al administrador del sistema para esta aplicación. Detenga y reinicie la aplicación.</ResourceText>
    <ResourceLanguage>es-MX</ResourceLanguage>
  </pdsaResource>
  <pdsaResource>
    <ResourceId>4</ResourceId>
    <ResourceName></ResourceName>
    <ResourceNumber></ResourceNumber>
    <ResourceClassName></ResourceClassName>
    <ResourceText>The application has been updated and will now restart.</ResourceText>
    <ResourceLanguage>en-US</ResourceLanguage>
  </pdsaResource>
  <pdsaResource>
    <ResourceId>5</ResourceId>
    <ResourceName>MainResource</ResourceName>
    <ResourceNumber></ResourceNumber>
    <ResourceClassName>frmMain</ResourceClassName>
    <ResourceText>The information entered has been saved.</ResourceText>
    <ResourceLanguage>en-US</ResourceLanguage>
  </pdsaResource>
  <pdsaResource>
    <ResourceId>6</ResourceId>
    <ResourceName>SqlException</ResourceName>
    <ResourceNumber>547</ResourceNumber>
    <ResourceClassName></ResourceClassName>
    <ResourceText>You are attempting to delete a record that has a set of related values. Please delete the related records first.</ResourceText>
    <ResourceLanguage>en-US</ResourceLanguage>
  </pdsaResource>
  <pdsaResource>
    <ResourceId>7</ResourceId>
    <ResourceName>SqlException</ResourceName>
    <ResourceNumber>547</ResourceNumber>
    <ResourceClassName>frmMain</ResourceClassName>
    <ResourceText>You are attempting to delete an order that has order detail records. Please delete the order detail records first.</ResourceText>
    <ResourceLanguage>en-US</ResourceLanguage>
  </pdsaResource>
  <pdsaResource>
    <ResourceId>8</ResourceId>
    <ResourceName>System.ArgumentNullException</ResourceName>
    <ResourceNumber></ResourceNumber>
    <ResourceClassName></ResourceClassName>
    <ResourceText>An argument was expected to be passed in, but none was supplied.</ResourceText>
    <ResourceLanguage>en-US</ResourceLanguage>
  </pdsaResource>
</pdsaResources>