﻿<?xml version="1.0" encoding="utf-8"?>
<Products>
  <Product>
    <ProductID>1</ProductID>
    <ProductName>PDSA .NET Productivity Framework</ProductName>
    <Cost>3000.00</Cost>
    <Price>6000.00</Price>
    <IntroductionDate>3/2/2000</IntroductionDate>
  </Product>
  <Product>
    <ProductID>2</ProductID>
    <ProductName>PDSA IT Manager's Toolkit</ProductName>
    <Cost>2000.00</Cost>
    <Price>4000.00</Price>
    <IntroductionDate>4/23/1998</IntroductionDate>
  </Product>
  <Product>
    <ProductID>3</ProductID>
    <ProductName>PDSA DACGen</ProductName>
    <Cost>1000.00</Cost>
    <Price>2500.00</Price>
    <IntroductionDate>1/30/1996</IntroductionDate>
  </Product>
  <Product>
    <ProductID>4</ProductID>
    <ProductName>Fundamentals of N-Tier Architecture eBook</ProductName>
    <Cost>10.00</Cost>
    <Price>19.95</Price>
    <IntroductionDate>6/4/2002</IntroductionDate>
  </Product>
  <Product>
    <ProductID>5</ProductID>
    <ProductName>Fundamentals of ADO.NET eBook</ProductName>
    <Cost>10.00</Cost>
    <Price>14.95</Price>
    <IntroductionDate>7/6/2002</IntroductionDate>
  </Product>
  <Product>
    <ProductID>6</ProductID>
    <ProductName>Architecting ASP.NET Applications eBook</ProductName>
    <Cost>10.00</Cost>
    <Price>19.95</Price>
    <IntroductionDate>9/15/2003</IntroductionDate>
  </Product>
  <Product>
    <ProductID>7</ProductID>
    <ProductName>Fundamentals of .NET eBook</ProductName>
    <Cost>10.00</Cost>
    <Price>19.95</Price>
    <IntroductionDate>4/3/2002</IntroductionDate>
  </Product>
  <Product>
    <ProductID>8</ProductID>
    <ProductName>PDSA Application Security Audit</ProductName>
    <Cost>2000.00</Cost>
    <Price>4000.00</Price>
    <IntroductionDate>8/20/2005</IntroductionDate>
  </Product>
  <Product>
    <ProductID>9</ProductID>
    <ProductName>PDSA SQL Server and Database Design Audit</ProductName>
    <Cost>2000.00</Cost>
    <Price>4000.00</Price>
    <IntroductionDate>9/10/2005</IntroductionDate>
  </Product>
  <Product>
    <ProductID>10</ProductID>
    <ProductName>PDSA .NET Base Framework</ProductName>
    <Cost>40.00</Cost>
    <Price>99.00</Price>
    <IntroductionDate>7/3/2006</IntroductionDate>
  </Product>
  <Product>
    <ProductID>11</ProductID>
    <ProductName>1 Day of ASP.NET Training</ProductName>
    <Cost>1000.00</Cost>
    <Price>2000.00</Price>
    <IntroductionDate>7/1/2003</IntroductionDate>
  </Product>
  <Product>
    <ProductID>12</ProductID>
    <ProductName>2 Days of ASP.NET Training</ProductName>
    <Cost>1000.00</Cost>
    <Price>2000.00</Price>
    <IntroductionDate>7/1/2003</IntroductionDate>
  </Product>
  <Product>
    <ProductID>13</ProductID>
    <ProductName>Expert Witness</ProductName>
    <Cost>1000.00</Cost>
    <Price>2000.00</Price>
    <IntroductionDate>6/1/2005</IntroductionDate>
  </Product>
  <Product>
    <ProductID>14</ProductID>
    <ProductName>Paul Sheriff's Inner Circle - Developer Level</ProductName>
    <Cost>299.99</Cost>
    <Price>499.99</Price>
    <IntroductionDate>6/10/2006</IntroductionDate>
  </Product>
  <Product>
    <ProductID>15</ProductID>
    <ProductName>Paul Sheriff's Inner Circle - IT Professional Level</ProductName>
    <Cost>499.99</Cost>
    <Price>999.99</Price>
    <IntroductionDate>6/10/2006</IntroductionDate>
  </Product>
  <Product>
    <ProductID>16</ProductID>
    <ProductName>Fundamentals of Object-Oriented Programming Training (2 Days)</ProductName>
    <Cost>2000.00</Cost>
    <Price>4000.00</Price>
    <IntroductionDate>5/1/2003</IntroductionDate>
  </Product>
  <Product>
    <ProductID>17</ProductID>
    <ProductName>Security for ASP.NET Developers Training (2 Days)</ProductName>
    <Cost>2000.00</Cost>
    <Price>4000.00</Price>
    <IntroductionDate>6/10/2004</IntroductionDate>
  </Product>
  <Product>
    <ProductID>18</ProductID>
    <ProductName>Using SQL Reporting Services 2005 Training (1 Day)</ProductName>
    <Cost>1000.00</Cost>
    <Price>2000.00</Price>
    <IntroductionDate></IntroductionDate>
  </Product>
  <Product>
    <ProductID>19</ProductID>
    <ProductName>Paul Sheriff Teaches Visual Basic 6.0 (QUE Books)</ProductName>
    <Cost>39.00</Cost>
    <Price>59.00</Price>
    <IntroductionDate>4/1/1999</IntroductionDate>
  </Product>
  <Product>
    <ProductID>20</ProductID>
    <ProductName>ASP.NET Developer's Jumpstart Book</ProductName>
    <Cost>29.00</Cost>
    <Price>49.00</Price>
    <IntroductionDate>6/1/2002</IntroductionDate>
  </Product>
  <Product>
    <ProductID>21</ProductID>
    <ProductName>Introduction to SQL Server 2000 eBook</ProductName>
    <Cost>10.00</Cost>
    <Price>19.95</Price>
    <IntroductionDate>5/1/2001</IntroductionDate>
  </Product>
  <Product>
    <ProductID>22</ProductID>
    <ProductName>Introduction to SQL Server 2005 eBook</ProductName>
    <Cost>10.00</Cost>
    <Price>19.95</Price>
    <IntroductionDate>9/12/2003</IntroductionDate>
  </Product>
  <Product>
    <ProductID>23</ProductID>
    <ProductName>Developer's Guide to Reporting Services 2005 eBook</ProductName>
    <Cost>10.00</Cost>
    <Price>19.95</Price>
    <IntroductionDate>8/20/2006</IntroductionDate>
  </Product>
</Products>