<?xml version="1.0" encoding="utf-8"?>
<DataTypes>
  <DataType>
    <Name>bool</Name>
    <Prefix>bln</Prefix>
    <Initializer>false</Initializer>
    <ConversionMethod>ToBoolean</ConversionMethod>
  </DataType>
  <DataType>
    <Name>byte</Name>
    <Prefix>byt</Prefix>
    <Initializer></Initializer>
    <ConversionMethod>ToByte</ConversionMethod>
  </DataType>
  <DataType>
    <Name>char</Name>
    <Prefix>chr</Prefix>
    <Initializer></Initializer>
    <ConversionMethod>ToChar</ConversionMethod>
  </DataType>
  <DataType>
    <Name>DateTime</Name>
    <Prefix>dt</Prefix>
    <Initializer></Initializer>
    <ConversionMethod>ToDateTime</ConversionMethod>
  </DataType>
  <DataType>
    <Name>decimal</Name>
    <Prefix>dec</Prefix>
    <Initializer>0</Initializer>
    <ConversionMethod>ToDecimal</ConversionMethod>
  </DataType>  <DataType>
    <Name>double</Name>
    <Prefix>dbl</Prefix>
    <Initializer>0</Initializer>
    <ConversionMethod>ToDouble</ConversionMethod>
  </DataType>
  <DataType>
    <Name>int</Name>
    <Prefix>int</Prefix>
    <Initializer>0</Initializer>
    <ConversionMethod>ToInt32</ConversionMethod>
  </DataType>
  <DataType>
    <Name>long</Name>
    <Prefix>lng</Prefix>
    <Initializer>0</Initializer>
    <ConversionMethod>ToInt64</ConversionMethod>
  </DataType>  
  <DataType>
    <Name>object</Name>
    <Prefix>o</Prefix>
    <Initializer>null</Initializer>
    <ConversionMethod>ToObject</ConversionMethod>
  </DataType>
  <DataType>
    <Name>sbyte</Name>
    <Prefix>sbyt</Prefix>
    <Initializer></Initializer>
    <ConversionMethod>ToByte</ConversionMethod>
  </DataType>
  <DataType>
    <Name>short</Name>
    <Prefix>srt</Prefix>
    <Initializer>0</Initializer>
    <ConversionMethod>ToInt16</ConversionMethod>
  </DataType>
  <DataType>
    <Name>single</Name>
    <Prefix>sng</Prefix>
    <Initializer>0</Initializer>
    <ConversionMethod>ToSingle</ConversionMethod>
  </DataType>
  <DataType>
    <Name>string</Name>
    <Prefix>str</Prefix>
    <Initializer>string.Empty</Initializer>
    <ConversionMethod>ToString</ConversionMethod>
  </DataType>
  <DataType>
    <Name>uint</Name>
    <Prefix>uint</Prefix>
    <Initializer>0</Initializer>
    <ConversionMethod>ToUInt32</ConversionMethod>
  </DataType>
  <DataType>
    <Name>ulong</Name>
    <Prefix>ulng</Prefix>
    <Initializer>0</Initializer>
    <ConversionMethod>ToUInt64</ConversionMethod>
  </DataType>
  <DataType>
    <Name>ushort</Name>
    <Prefix>usrt</Prefix>
    <Initializer>0</Initializer>
    <ConversionMethod>ToUInt16</ConversionMethod>
  </DataType>
</DataTypes>