<?xml version="1.0" encoding="utf-8"?>
<DataTypes>
  <DataType>
    <Name>Boolean</Name>
    <Prefix>bool</Prefix>
    <Initializer>False</Initializer>
    <ConversionMethod>ToBoolean</ConversionMethod>
  </DataType>
  <DataType>
    <Name>Byte</Name>
    <Prefix>byt</Prefix>
    <Initializer></Initializer>
    <ConversionMethod>ToByte</ConversionMethod>
  </DataType>
  <DataType>
    <Name>Char</Name>
    <Prefix>chr</Prefix>
    <Initializer></Initializer>
    <ConversionMethod>ToChar</ConversionMethod>
  </DataType>
  <DataType>
    <Name>DateTime</Name>
    <Prefix>dt</Prefix>
    <Initializer>0</Initializer>
    <ConversionMethod>ToDateTime</ConversionMethod>
  </DataType>
  <DataType>
    <Name>Decimal</Name>
    <Prefix>dec</Prefix>
    <Initializer>0</Initializer>
    <ConversionMethod>ToDecimal</ConversionMethod>
  </DataType>
  <DataType>
    <Name>Double</Name>
    <Prefix>dbl</Prefix>
    <Initializer>0</Initializer>
    <ConversionMethod>ToDouble</ConversionMethod>
  </DataType>
  <DataType>
    <Name>Integer</Name>
    <Prefix>int</Prefix>
    <Initializer>0</Initializer>
    <ConversionMethod>ToInt32</ConversionMethod>
  </DataType>
  <DataType>
    <Name>Long</Name>
    <Prefix>lng</Prefix>
    <Initializer>0</Initializer>
    <ConversionMethod>ToInt64</ConversionMethod>
  </DataType>
  <DataType>
    <Name>Object</Name>
    <Prefix>o</Prefix>
    <Initializer>Nothing</Initializer>
    <ConversionMethod>ToObject</ConversionMethod>
  </DataType>
  <DataType>
    <Name>Short</Name>
    <Prefix>srt</Prefix>
    <Initializer>0</Initializer>
    <ConversionMethod>ToInt16</ConversionMethod>
  </DataType>
  <DataType>
    <Name>Single</Name>
    <Prefix>sng</Prefix>
    <Initializer>0</Initializer>
    <ConversionMethod>ToSingle</ConversionMethod>
  </DataType>
  <DataType>
    <Name>String</Name>
    <Prefix>str</Prefix>
    <Initializer>String.Empty</Initializer>
    <ConversionMethod>ToString</ConversionMethod>
  </DataType>
</DataTypes>