<?xml version="1.0" encoding="utf-8"?>
<Versions>
  <Version>
    <Name>.NET 4.5.50709</Name>
    <VSNETName>Visual Studio 2013</VSNETName>
    <Number>v4.5.50709</Number>
    <RegKey>Software\Microsoft\VisualStudio\12.0\</RegKey>
    <VersionNumber>12.0</VersionNumber>
    <BuiltOn>.NET 4.0</BuiltOn>
  </Version>
  <Version>
    <Name>.NET 4.6.00079</Name>
    <VSNETName>Visual Studio 2015</VSNETName>
    <Number>v4.6.00079</Number>
    <RegKey>Software\Microsoft\VisualStudio\14.0\</RegKey>
    <VersionNumber>14.0</VersionNumber>
    <BuiltOn>.NET 4.0</BuiltOn>
  </Version>
  <Version>
    <Name>.NET 4.8.03752</Name>
    <VSNETName>Visual Studio 2017</VSNETName>
    <Number>v4.8.03752</Number>
    <RegKey>Software\Microsoft\VisualStudio\15.0\</RegKey>
    <VersionNumber>15.0</VersionNumber>
    <BuiltOn>.NET 4.0</BuiltOn>
  </Version>
  <Version>
    <Name>.NET 4.8.03752</Name>
    <VSNETName>Visual Studio 2019</VSNETName>
    <Number>v4.8.03752</Number>
    <RegKey>Software\Microsoft\VisualStudio\16.0\</RegKey>
    <VersionNumber>16.0</VersionNumber>
    <BuiltOn>.NET 4.0</BuiltOn>
  </Version>
</Versions>