<?xml version="1.0" encoding="utf-8"?>
<Versions>
  <Version>
    <Name>.NET 3.0</Name>
    <VSNETName>Visual Studio 2008</VSNETName>
    <Number>V3.0</Number>
    <RegKey>Software\Microsoft\VisualStudio\9.0\</RegKey>
    <VersionNumber>9.0</VersionNumber>
    <BuiltOn>.NET 2.0</BuiltOn>
  </Version>
  <Version>
    <Name>.NET 3.5</Name>
    <VSNETName>Visual Studio 2008</VSNETName>
    <Number>V3.5</Number>
    <RegKey>Software\Microsoft\VisualStudio\9.0\</RegKey>
    <VersionNumber>9.0</VersionNumber>
    <BuiltOn>.NET 2.0</BuiltOn>
  </Version>
  <Version>
    <Name>.NET 4.0.30306</Name>
    <VSNETName>Visual Studio 2010</VSNETName>
    <Number>v4.0.30306</Number>
    <RegKey>Software\Microsoft\VisualStudio\10.0\</RegKey>
    <VersionNumber>10.0</VersionNumber>
    <BuiltOn>.NET 4.0</BuiltOn>
  </Version>
  <Version>
    <Name>.NET 4.0.30319</Name>
    <VSNETName>Visual Studio 2010</VSNETName>
    <Number>v4.0.30319</Number>
    <RegKey>Software\Microsoft\VisualStudio\10.0\</RegKey>
    <VersionNumber>10.0</VersionNumber>
    <BuiltOn>.NET 4.0</BuiltOn>
  </Version>
  <Version>
    <Name>.NET 4.5.50709</Name>
    <VSNETName>Visual Studio 2012</VSNETName>
    <Number>v4.5.50709</Number>
    <RegKey>Software\Microsoft\VisualStudio\11.0\</RegKey>
    <VersionNumber>11.0</VersionNumber>
    <BuiltOn>.NET 4.0</BuiltOn>
  </Version>
  <Version>
    <Name>.NET 4.5.50709</Name>
    <VSNETName>Visual Studio 2013</VSNETName>
    <Number>v4.5.50709</Number>
    <RegKey>Software\Microsoft\VisualStudio\12.0\</RegKey>
    <VersionNumber>12.0</VersionNumber>
    <BuiltOn>.NET 4.0</BuiltOn>
  </Version>
  <Version>
    <Name>.NET 4.6.00079</Name>
    <VSNETName>Visual Studio 2015</VSNETName>
    <Number>v4.6.00079</Number>
    <RegKey>Software\Microsoft\VisualStudio\14.0\</RegKey>
    <VersionNumber>14.0</VersionNumber>
    <BuiltOn>.NET 4.0</BuiltOn>
  </Version>
</Versions>