<?xml version="1.0" encoding="utf-8"?>
<FoldersToDelete>
    <Folder>
        <Name>[LocalApplicationData]\Microsoft\CLR_v2.0\UsageLogs</Name>
        <DeleteFilesOnly>True</DeleteFilesOnly>
        <DeleteSubFolders>False</DeleteSubFolders>
    </Folder>
    <Folder>
        <Name>[LocalApplicationData]\Microsoft\CLR_v2.0_32\UsageLogs</Name>
        <DeleteFilesOnly>True</DeleteFilesOnly>
        <DeleteSubFolders>False</DeleteSubFolders>
    </Folder>
    <Folder>
        <Name>[LocalApplicationData]\Microsoft\CLR_v4.0\UsageLogs</Name>
        <DeleteFilesOnly>True</DeleteFilesOnly>
        <DeleteSubFolders>False</DeleteSubFolders>
    </Folder>
    <Folder>
        <Name>[LocalApplicationData]\Microsoft\CLR_v4.0_32\UsageLogs</Name>
        <DeleteFilesOnly>True</DeleteFilesOnly>
        <DeleteSubFolders>False</DeleteSubFolders>
    </Folder>
    <Folder>
        <Name>[LocalApplicationData]\Microsoft\VisualStudio\15.0_1aea4690\WebTools</Name>
        <DeleteFilesOnly>False</DeleteFilesOnly>
        <DeleteSubFolders>True</DeleteSubFolders>
    </Folder>
    <Folder>
        <Name>[LocalApplicationData]\Microsoft\VisualStudio\16.0_3bc90a3c\WebTools</Name>
        <DeleteFilesOnly>False</DeleteFilesOnly>
        <DeleteSubFolders>True</DeleteSubFolders>
    </Folder>
    <Folder>
        <Name>[LocalApplicationData]\TechSmith\Camtasia Studio\CrashDumps</Name>
        <DeleteFilesOnly>True</DeleteFilesOnly>
        <DeleteSubFolders>False</DeleteSubFolders>
    </Folder>
    <Folder>
        <Name>[LocalApplicationData]\CrashDumps</Name>
        <DeleteFilesOnly>True</DeleteFilesOnly>
        <DeleteSubFolders>False</DeleteSubFolders>
    </Folder>
    <Folder>
        <Name>[LocalApplicationData]\Downloaded Installations</Name>
        <DeleteFilesOnly>True</DeleteFilesOnly>
        <DeleteSubFolders>False</DeleteSubFolders>
    </Folder>
    <Folder>
        <Name>[RoamingData]\Apple Computer\MobileSync\Backup</Name>
        <DeleteFilesOnly>True</DeleteFilesOnly>
        <DeleteSubFolders>True</DeleteSubFolders>
    </Folder>
    <Folder>
        <Name>[MyDocuments]\Haystack\Gen</Name>
        <DeleteFilesOnly>False</DeleteFilesOnly>
        <DeleteSubFolders>True</DeleteSubFolders>
    </Folder>
    <Folder>
        <Name>[MyDocuments]\IISExpress</Name>
        <DeleteFilesOnly>False</DeleteFilesOnly>
        <DeleteSubFolders>True</DeleteSubFolders>
    </Folder>
    <Folder>
        <Name>[LocalApplicationData]\Microsoft\VisualStudio\BackupFiles</Name>
        <DeleteFilesOnly>False</DeleteFilesOnly>
        <DeleteSubFolders>True</DeleteSubFolders>
    </Folder>
    <Folder>
        <Name>[RoamingData]\Code\Backups</Name>
        <DeleteFilesOnly>False</DeleteFilesOnly>
        <DeleteSubFolders>True</DeleteSubFolders>
    </Folder>
    <Folder>
        <Name>[RoamingData]\Code\Cache</Name>
        <DeleteFilesOnly>False</DeleteFilesOnly>
        <DeleteSubFolders>True</DeleteSubFolders>
    </Folder>
    <Folder>
        <Name>[RoamingData]\Code\CachedData</Name>
        <DeleteFilesOnly>False</DeleteFilesOnly>
        <DeleteSubFolders>True</DeleteSubFolders>
    </Folder>
    <Folder>
        <Name>[RoamingData]\Code\GPUCache</Name>
        <DeleteFilesOnly>False</DeleteFilesOnly>
        <DeleteSubFolders>True</DeleteSubFolders>
    </Folder>
    <Folder>
        <Name>[RoamingData]\Code\LocalStorage</Name>
        <DeleteFilesOnly>False</DeleteFilesOnly>
        <DeleteSubFolders>True</DeleteSubFolders>
    </Folder>
    <Folder>
        <Name>[RoamingData]\Code\logs</Name>
        <DeleteFilesOnly>False</DeleteFilesOnly>
        <DeleteSubFolders>True</DeleteSubFolders>
    </Folder>
    <Folder>
        <Name>[RoamingData]\Code\Session Storage</Name>
        <DeleteFilesOnly>False</DeleteFilesOnly>
        <DeleteSubFolders>True</DeleteSubFolders>
    </Folder>
    <Folder>
        <Name>[RoamingData]\Code\User\globalStorage</Name>
        <DeleteFilesOnly>False</DeleteFilesOnly>
        <DeleteSubFolders>True</DeleteSubFolders>
    </Folder>
    <Folder>
        <Name>[RoamingData]\Code\User\workspaceStorage</Name>
        <DeleteFilesOnly>False</DeleteFilesOnly>
        <DeleteSubFolders>True</DeleteSubFolders>
    </Folder>
</FoldersToDelete>