﻿<?xml version="1.0" encoding="utf-8" ?>
<PropertyTemplates>
  <PropertyTemplate>
    <Description>C# Auto Properties</Description>
    <FileName>CS_Property_Auto.txt</FileName>
    <Language>CSharp</Language>
    <GenPrivateVars>False</GenPrivateVars>
    <GenPublic>True</GenPublic>
  </PropertyTemplate>
  <PropertyTemplate>
    <Description>C# Normal Get/Set</Description>
    <FileName>CS_Property.txt</FileName>
    <Language>CSharp</Language>
    <GenPrivateVars>True</GenPrivateVars>
    <GenPublic>True</GenPublic>
  </PropertyTemplate>
  <PropertyTemplate>
    <Description>C# INotifyChanged Property</Description>
    <FileName>CS_Property_INotify.txt</FileName>
    <Language>CSharp</Language>
    <GenPrivateVars>True</GenPrivateVars>
    <GenPublic>True</GenPublic>
  </PropertyTemplate>
  <PropertyTemplate>
    <Description>C# Property in Session Variable</Description>
    <FileName>CS_Property_Session.txt</FileName>
    <Language>CSharp</Language>
    <GenPrivateVars>False</GenPrivateVars>
    <GenPublic>True</GenPublic>
  </PropertyTemplate>
  <PropertyTemplate>
    <Description>C# Property in ViewState Variable</Description>
    <FileName>CS_Property_ViewState.txt</FileName>
    <Language>CSharp</Language>
    <GenPrivateVars>False</GenPrivateVars>
    <GenPublic>True</GenPublic>
  </PropertyTemplate>
  <PropertyTemplate>
    <Description>VB.NET Normal Get/Set</Description>
    <FileName>VB_Property.txt</FileName>
    <Language>VBNET</Language>
    <GenPrivateVars>True</GenPrivateVars>
    <GenPublic>True</GenPublic>
  </PropertyTemplate>
  <PropertyTemplate>
    <Description>VB.NET INotifyChanged Property</Description>
    <FileName>VB_Property_INotify.txt</FileName>
    <Language>VBNET</Language>
    <GenPrivateVars>True</GenPrivateVars>
    <GenPublic>True</GenPublic>
  </PropertyTemplate>
  <PropertyTemplate>
    <Description>VB.NET Property in Session Variable</Description>
    <FileName>VB_Property_Session.txt</FileName>
    <Language>VBNET</Language>
    <GenPrivateVars>False</GenPrivateVars>
    <GenPublic>True</GenPublic>
  </PropertyTemplate>
  <PropertyTemplate>
    <Description>VB.NET Property in ViewState Variable</Description>
    <FileName>VB_Property_ViewState.txt</FileName>
    <Language>VBNET</Language>
    <GenPrivateVars>False</GenPrivateVars>
    <GenPublic>True</GenPublic>
  </PropertyTemplate>
</PropertyTemplates>