﻿<?xml version="1.0" encoding="utf-8" ?>
<configuration>
  <MergeNode>
    <add key="XMLSyncSample_MergeNode_Add_From_key_1" value="XMLSyncSample_MergeNode_Add_From_value_1"/>
    <add key="XMLSyncSample_MergeNode_Add_From_key_2" value="XMLSyncSample_MergeNode_Add_From_value_2"/>
  </MergeNode>
  <NewNode>
    <add key="XMLSyncSample_NewNode_Add_From_key_1" value="XMLSyncSample_NewNode_Add_From_value_1"/>
    <add key="XMLSyncSample_NewNode_Add_From_key_2" value="XMLSyncSample_NewNode_Add_From_value_2"/>
  </NewNode>
  <configSections>
    <section name="PDSADataProviders"
             type="PDSA.DataLayer.Configuration.PDSADataSectionHandler, PDSA.DataLayer"/>
  </configSections>

  <PDSADataProviders>
    <providers defaultProvider="SqlClient">
      <add providerName="SqlClient"
           useStoredProcedures="false"
           useDBAuditTracking="false"
           MinDate="1753-1-1"
           MaxDate="2030-12-31"
           DBLanguage="en-US"
           DBDateFormat="yyyy-MM-dd HH:mm:ss"
           connectStringName="SqlClient"
           type="PDSA.DataLayer.Providers.PDSADataSqlClient"
           assembly="PDSA.DataLayer"/>
      <add providerName="SqlClient2"
           useStoredProcedures="false"
           useDBAuditTracking="false"
           MinDate="1753-1-1"
           MaxDate="2030-12-31"
           DBLanguage="en-US"
           DBDateFormat="yyyy-MM-dd HH:mm:ss"
           connectStringName="SqlClient2"
           type="PDSA.DataLayer.Providers.PDSADataSqlClient"
           assembly="PDSA.DataLayer"/>
    </providers>
  </PDSADataProviders>

  <connectionStrings>
    <add name="SqlClient"
         connectionString="Server=Localhost;Database=PDSASamples;Integrated Security=Yes;Persist Security Info=False;Application Name=Data Layer Sample"/>
    <add name="SqlClientFramework"
         connectionString="Server=Localhost;Database=PDSAFramework500;Integrated Security=Yes;Persist Security Info=False;Application Name=Data Layer Sample"/>
  </connectionStrings>

</configuration>