﻿<RSAKeyValue><Modulus>uiNMGMwv5voeP/s6dBei0zpGXZGJ83twmRFwuvz9Vs5Nnc+gi1zXpDq3qRbIK3zfmupIfNry8kN8rqjabOOghviw7wPIop/mHgD6P2O4KNKnA0K4DrITQ/rfw83DUqCsfqgnMwNk6L77HvUFkD1EvlcadN7jQyj3nG/q6fiFBrs=</Modulus><Exponent>AQAB</Exponent><P>3V5ypS0ED2Xg6XzqkYRuWRHLnvMCjmfGzw8S8OeFgvQvTH7/eRlBZlJFgIk/9MIjnWdQPA8C4JaAmcwy+xQgUQ==</P><Q>10Hjn9c9X6jWqkwObmldo1B6pPeZJ+p9Y6LqhSwv19AQVvlyqnjCDHQ/baDZv3sVXjHjPxy2OTL93Y0azKnfSw==</Q><DP>QLU8A+ZtumaIYRf/pTu12dlm0Pat95yEM8BvQ/YZQ9dHADBbUzW7tUI1SMZV6KDbMkah4Hxu1eGIg+x5toUCkQ==</DP><DQ>xAon6hy2snYr+rCFvByNwPy8lZ1BiM7QH3vyJhLWB7BgETXhLkwIPhto4MjLRs4r6bt5gLL/ahx8g9fMfnR+/Q==</DQ><InverseQ>Sj0zYXEAF/TNT49CpwcvHuLKpCfAgG1Z5q5SHMSJErbH853Bzk7mzPTExbezkekhVRptmUBkw5GUSt5EcHPNtg==</InverseQ><D>Nuu9Qz/UDnnUPRqad7CVqW9zXZ5Yrs/IPFHKClIlSdybSCn/+77MHbf5gtmm/DXfIC1qb/SGZHcHLd3CfQh4z3ly0C7RcL/hfmZPeK5vAg9yvrUL15ZyrsXYw8IRnf0Hdrih+2TPLDrc9ml5jbMG1hFWxP1wJTsvZ0Z1aDl4MCE=</D></RSAKeyValue>